price(In USD),min,max,Time(In Minutes),panel
0.276,20,20000,45,https://www.smmraja.com/services
0.04,20,20000,30,https://www.smmraja.com/services
0.04,20,20000,19,https://www.smmraja.com/services
0.5,100,10000000,462,https://www.smmraja.com/services
0.62,100,10000000,1551,https://www.smmraja.com/services
0.78,100,10000000,4007,https://www.smmraja.com/services
1.08,100,10000000,783,https://www.smmraja.com/services
0.97,100,10000000,,https://mediaking.in/services
0.31,20,20000,698,https://smmillusion.com/services
0.34,20,20000,,https://kingofsmm.com/services
0.31,20,20000,,https://kingofsmm.com/services
1.285,100,10000000,,https://targetesmm.com/services
0.25,20,20000,,https://smmrush.net/services
0.25,20,20000,,https://smmrush.net/services
1.25,100,10000000,,https://smmfocus.com/services
1.19,100,10000000,,https://platformsmm.com/services
1.01,100,10000000,,https://platformsmm.com/services
1.1,100,10000000,,https://paksmartpanel.com/services
1.25,100,10000000,,https://paksmartpanel.com/services
1.1,100,10000000,83443,https://paksmartpanel.com/services
1.285,100,10000000,,https://targetesmm.com/services
1.19,100,10000000,,https://platformsmm.com/services
1.01,100,10000000,,https://platformsmm.com/services
0.18,20,20000,,https://worldsmmpanel.com/services
1.14,100,10000000,,https://worldsmmpanel.com/services
1.18,100,10000000,,https://worldsmmpanel.com/services
1.17,100,10000000,,https://worldsmmpanel.com/services
1.17,100,10000000,,https://worldsmmpanel.com/services
0.876,100,10000000,,https://worldsmmpanel.com/services
0.93,100,10000000,,https://didstore.in/services
0.25,20,20000,,https://smmrush.net/services
0.1,20,20000,,https://gainsfollower.com/services
0.31,20,20000,,https://gainsfollower.com/services
0.23,20,20000,,https://gainsfollower.com/services
0.7,100,10000000,,https://gainsfollower.com/services
1.05,100,10000000,588,https://autosmo.com/services
1.31,100,10000000,,https://smmtimes.com/services
1.155,100,10000000,987,https://go2toppanel.com/services
0.34,20,20000,,https://kingofsmm.com/services
0.31,20,20000,,https://kingofsmm.com/services
0.12,20,20000,,https://5smm.com/services
1.39,100,10000000,,https://better-smm-panel.com/services
1.39,100,10000000,,https://better-smm-panel.com/services
0.72,100,10000000,2258,https://smmignite.com/services
0.11,20,20000,,https://smmrj.com/services
1.04,100,10000000,444,https://aamarfollow.com/services
1.46,100,10000000,,https://aamarfollow.com/services
1.03,100,10000000,,https://basicsmm.com/services
0.25,20,20000,,https://smmbuzz.net/services
1.2,100,10000000,,https://instantlikes.co/services
1.13,100,10000000,,https://smmservicesbd.com/services
1.39,100,10000000,,https://better-smm-panel.com/services
1.39,100,10000000,,https://better-smm-panel.com/services
0.19,20,20000,,https://mothersmmpanel.com/services
0.21,20,20000,,https://mothersmmpanel.com/services
0.24,20,20000,,https://mothersmmpanel.com/services
1.08,100,10000000,,https://mothersmmpanel.com/services
1.035,100,10000000,36,https://thefatherofthepanels.com/services
1.725,10,500000,,https://thefatherofthepanels.com/services
0.83,100,10000000,3127,https://paytosmm.com/services
1.14,100,10000000,910,https://paytosmm.com/services
1.126,100,10000000,167,https://paytosmm.com/services
0.75,100,10000000,635,https://paytosmm.com/services
1.5,100,10000000,91,https://paytosmm.com/services
0.32,20,20000,,https://socialmediastudio.org/services
0.24,20,20000,,https://socialmediastudio.org/services
0.29,20,20000,,https://socialmediastudio.org/services
0.32,20,20000,,https://socialmediastudio.org/services
0.12,20,20000,,https://socialmediastudio.org/services
0.276,20,20000,45,https://www.smmraja.com/services
0.04,20,20000,30,https://www.smmraja.com/services
0.04,20,20000,19,https://www.smmraja.com/services
0.5,100,10000000,462,https://www.smmraja.com/services
0.62,100,10000000,1551,https://www.smmraja.com/services
0.78,100,10000000,4007,https://www.smmraja.com/services
1.08,100,10000000,783,https://www.smmraja.com/services
0.2729,20,20000,445,https://flowlinesmm.com/services
0.1861,20,20000,,https://flowlinesmm.com/services
0.0684,20,20000,1557,https://flowlinesmm.com/services
0.249,20,20000,1336,https://socialmmpro.com/services
0.66,100,10000000,,https://honestsmm.com/services
0.72,100,10000000,,https://honestsmm.com/services
1.75,10,500000,,https://honestsmm.com/services
0.2729,20,20000,445,https://flowlinesmm.com/services
0.1861,20,20000,,https://flowlinesmm.com/services
0.0684,20,20000,1557,https://flowlinesmm.com/services
0.654,100,10000000,651,https://followcube.com/services
1.2,100,10000000,256,https://followcube.com/services
1.2,100,10000000,,https://instantlikes.co/services
1.473,100,10000000,1975,https://auto-sm.com/services
1.473,100,10000000,1975,https://auto-sm.com/services
0.1,20,20000,89,https://smmvaly.com/services
1.3,100,10000000,4158,https://smmvaly.com/services
0.31,20,20000,,https://getfollowers24.com/services
0,100,10000000,3114,https://turkiyeresellers.net/services
0,100,10000000,,https://turkiyeresellers.net/services
1.736,10,500000,,https://prixsmm.com/services
0.232,20,20000,20,https://iglikesfollowers.com/services
1.4173,100,10000000,,https://iglikesfollowers.com/services
1.04,100,10000000,444,https://aamarfollow.com/services
1.46,100,10000000,,https://aamarfollow.com/services
1.02,100,10000000,,https://measmm.com/services
1.2,100,10000000,191,https://measmm.com/services
0.34,20,20000,,https://kingofsmm.com/services
0.31,20,20000,,https://kingofsmm.com/services
1.13,100,10000000,,https://smmservicesbd.com/services
1.1,100,10000000,,https://chaynhanh.com/services
1.1,100,10000000,,https://chaynhanh.com/services
0.75,100,10000000,,https://viralsmm.com/services
0.75,100,10000000,,https://viralsmm.com/services
1.48,100,10000000,,https://bigbossboost.com/services
1.46,100,10000000,,https://bigbossboost.com/services
1.34,100,10000000,,https://bigbossboost.com/services
0.26,20,20000,82,https://smmdecent.co/services
0.827,100,10000000,5463,https://smmdecent.co/services
0.27,20,20000,7,https://viieagency.com/services
1.209,100,10000000,3985,https://smmdecent.co/services
0.07,20,20000,241,https://viieagency.com/services
1.13,100,10000000,3441,https://viieagency.com/services
0.76,100,10000000,1194,https://bestsmm.com/services
1.04,100,10000000,444,https://aamarfollow.com/services
1.46,100,10000000,,https://aamarfollow.com/services
0.25,20,20000,7272,https://socialpanel.io/services
0.66,100,10000000,,https://honestsmm.com/services
0.72,100,10000000,,https://honestsmm.com/services
1.75,10,500000,,https://honestsmm.com/services
1.65,10,500000,,https://bestsmmpanel.info/services
1.105,100,10000000,,https://social-india.com/services
0.12,20,20000,,https://5smm.com/services
0.27,20,20000,7,https://viieagency.com/services
0.07,20,20000,241,https://viieagency.com/services
1.13,100,10000000,3441,https://viieagency.com/services
0.27,20,20000,7,https://viieagency.com/services
0.07,20,20000,241,https://viieagency.com/services
1.13,100,10000000,3441,https://viieagency.com/services
0.75,100,10000000,,https://viralsmm.com/services
0.75,100,10000000,,https://viralsmm.com/services
1.15,100,10000000,545,https://fastestsmmpanels.com/services
0.29,20,20000,,https://smbazuka.com/services
0.03,100,10000000,,https://bestsmartpanel.com/services
0.232,20,20000,20,https://iglikesfollowers.com/services
1.4173,100,10000000,,https://iglikesfollowers.com/services
0.3,20,20000,,https://doperockmedia.com/services
1.45,100,10000000,,https://doperockmedia.com/services
1.4,100,10000000,,https://doperockmedia.com/services
1.3,100,10000000,,https://doperockmedia.com/services
0.98,100,10000000,,https://doperockmedia.com/services
0.232,20,20000,20,https://iglikesfollowers.com/services
1.4173,100,10000000,,https://iglikesfollowers.com/services
0.15,20,20000,,https://skilledsmm.com/services
0,100,10000000,3114,https://turkiyeresellers.net/services
0,100,10000000,,https://turkiyeresellers.net/services
1.35,100,10000000,,https://tajammo3e.com/services
1.35,100,10000000,,https://igcheapsmm.com/services
0.31,20,20000,698,https://smmillusion.com/services
0.924,100,10000000,8587,https://n1panel.com/services
0.18,20,20000,,https://worldsmmpanel.com/services
0.924,100,10000000,4443,https://n1panel.com/services
1.14,100,10000000,,https://worldsmmpanel.com/services
1.18,100,10000000,,https://worldsmmpanel.com/services
1.17,100,10000000,,https://worldsmmpanel.com/services
1.17,100,10000000,,https://worldsmmpanel.com/services
0.876,100,10000000,,https://worldsmmpanel.com/services
0.29,20,20000,,https://smbazuka.com/services
1.04,100,10000000,444,https://aamarfollow.com/services
1.46,100,10000000,,https://aamarfollow.com/services
0.26,20,20000,82,https://smmdecent.co/services
0.827,100,10000000,5463,https://smmdecent.co/services
1.02,100,10000000,,https://measmm.com/services
1.209,100,10000000,3985,https://smmdecent.co/services
1.2,100,10000000,191,https://measmm.com/services
1.1,100,10000000,,https://chaynhanh.com/services
1.1,100,10000000,,https://chaynhanh.com/services
1.285,100,10000000,,https://targetesmm.com/services
1.236,100,10000000,949,https://smmytb.com/services
1.14,100,10000000,1406,https://smmytb.com/services
0.03,100,10000000,,https://bestsmartpanel.com/services
1.39,100,10000000,,https://better-smm-panel.com/services
1.39,100,10000000,,https://better-smm-panel.com/services
0.27,20,20000,29,https://smmwiz.com/services
0.13,20,20000,,https://smmwiz.com/services
1,100,10000000,141,https://smmwiz.com/services
0.66,100,10000000,,https://honestsmm.com/services
0.75,100,10000000,5,https://smmwiz.com/services
0.95,100,10000000,4019,https://smmwiz.com/services
0.72,100,10000000,,https://honestsmm.com/services
1.75,10,500000,,https://honestsmm.com/services
0.21,20,20000,75,https://zosmm.com/services
0.245,20,20000,,https://zosmm.com/services
0.215,20,20000,37,https://zosmm.com/services
0.2729,20,20000,445,https://flowlinesmm.com/services
1.92,10,500000,17,https://zosmm.com/services
0.1861,20,20000,,https://flowlinesmm.com/services
0.0684,20,20000,1557,https://flowlinesmm.com/services
1.31,100,10000000,,https://smmtimes.com/services
0.55,100,10000000,,https://cultova.in/services
0.97,100,10000000,,https://smmpop.com/services
0.1248,20,20000,91,https://supersmm.net/services
0.3243,20,20000,87808,https://supersmm.net/services
0.66,100,10000000,,https://honestsmm.com/services
0.72,100,10000000,,https://honestsmm.com/services
1.75,10,500000,,https://honestsmm.com/services
1.45,100,10000000,1602,https://smmbeingz.com/services
0.06,20,20000,22,https://viewyt.com/services
1.4,100,10000000,,https://smmbeingz.com/services
0.9,100,10000000,4223,https://smmsouq.com/services
1.1785,100,10000000,,https://smmsouq.com/services
0.21,20,20000,75,https://zosmm.com/services
0.245,20,20000,,https://zosmm.com/services
0.215,20,20000,37,https://zosmm.com/services
1.92,10,500000,17,https://zosmm.com/services
1.1,100,10000000,,https://chaynhanh.com/services
1.1,100,10000000,,https://chaynhanh.com/services
0.25,20,20000,,https://smmrush.net/services
1.1,100,10000000,,https://paksmartpanel.com/services
1.25,100,10000000,,https://paksmartpanel.com/services
1.1,100,10000000,83443,https://paksmartpanel.com/services
0.27,20,20000,29,https://smmwiz.com/services
0.13,20,20000,,https://smmwiz.com/services
1,100,10000000,141,https://smmwiz.com/services
0.75,100,10000000,5,https://smmwiz.com/services
0.95,100,10000000,4019,https://smmwiz.com/services
0.24,20,20000,205,https://smmexclusive.com/services
1.49,100,10000000,1546,https://smmexclusive.com/services
0.9,100,10000000,1002,https://smmexclusive.com/services
0.25,20,20000,,https://safesmm.com/services
0.03,100,10000000,,https://bestsmartpanel.com/services
1.15,100,10000000,545,https://fastestsmmpanels.com/services
0.04,100,10000000,,https://topsmm.club/services
0.29,20,20000,,https://litesmm.com/services
0.95,100,10000000,,https://litesmm.com/services
0.99,100,10000000,,https://litesmm.com/services
0.56,100,10000000,,https://litesmm.com/services
0.27,20,20000,29,https://smmwiz.com/services
0.13,20,20000,,https://smmwiz.com/services
1,100,10000000,141,https://smmwiz.com/services
0.75,100,10000000,5,https://smmwiz.com/services
0.95,100,10000000,4019,https://smmwiz.com/services
0.232,20,20000,20,https://iglikesfollowers.com/services
1.4173,100,10000000,,https://iglikesfollowers.com/services
0.32,20,20000,,https://teamluxusboostingservices.com/services
